id,image_name,gpms,tpha
0,1.jpg,173.76,1.7375999999999998
1,2.jpg,618.94,6.189400000000001
2,3.jpg,799.51,7.9951
